,책리뷰 제목
0,"<selenium.webdriver.remote.webelement.WebElement (session=""d749db19752dcca87d2ee6d39cf4d29c"", element=""C627C01DAF50270CCA40E67E2ACDA851_element_25"")>"
1,"<selenium.webdriver.remote.webelement.WebElement (session=""d749db19752dcca87d2ee6d39cf4d29c"", element=""C627C01DAF50270CCA40E67E2ACDA851_element_26"")>"
2,"<selenium.webdriver.remote.webelement.WebElement (session=""d749db19752dcca87d2ee6d39cf4d29c"", element=""C627C01DAF50270CCA40E67E2ACDA851_element_27"")>"
3,"<selenium.webdriver.remote.webelement.WebElement (session=""d749db19752dcca87d2ee6d39cf4d29c"", element=""C627C01DAF50270CCA40E67E2ACDA851_element_28"")>"
4,"<selenium.webdriver.remote.webelement.WebElement (session=""d749db19752dcca87d2ee6d39cf4d29c"", element=""C627C01DAF50270CCA40E67E2ACDA851_element_29"")>"
5,"<selenium.webdriver.remote.webelement.WebElement (session=""d749db19752dcca87d2ee6d39cf4d29c"", element=""C627C01DAF50270CCA40E67E2ACDA851_element_30"")>"
6,"<selenium.webdriver.remote.webelement.WebElement (session=""d749db19752dcca87d2ee6d39cf4d29c"", element=""C627C01DAF50270CCA40E67E2ACDA851_element_31"")>"
7,"<selenium.webdriver.remote.webelement.WebElement (session=""d749db19752dcca87d2ee6d39cf4d29c"", element=""C627C01DAF50270CCA40E67E2ACDA851_element_32"")>"
8,"<selenium.webdriver.remote.webelement.WebElement (session=""d749db19752dcca87d2ee6d39cf4d29c"", element=""C627C01DAF50270CCA40E67E2ACDA851_element_33"")>"
9,"<selenium.webdriver.remote.webelement.WebElement (session=""d749db19752dcca87d2ee6d39cf4d29c"", element=""C627C01DAF50270CCA40E67E2ACDA851_element_34"")>"
10,"<selenium.webdriver.remote.webelement.WebElement (session=""d749db19752dcca87d2ee6d39cf4d29c"", element=""C627C01DAF50270CCA40E67E2ACDA851_element_35"")>"
11,"<selenium.webdriver.remote.webelement.WebElement (session=""d749db19752dcca87d2ee6d39cf4d29c"", element=""C627C01DAF50270CCA40E67E2ACDA851_element_36"")>"
12,"<selenium.webdriver.remote.webelement.WebElement (session=""d749db19752dcca87d2ee6d39cf4d29c"", element=""C627C01DAF50270CCA40E67E2ACDA851_element_37"")>"
13,"<selenium.webdriver.remote.webelement.WebElement (session=""d749db19752dcca87d2ee6d39cf4d29c"", element=""C627C01DAF50270CCA40E67E2ACDA851_element_38"")>"
14,"<selenium.webdriver.remote.webelement.WebElement (session=""d749db19752dcca87d2ee6d39cf4d29c"", element=""C627C01DAF50270CCA40E67E2ACDA851_element_39"")>"
15,"<selenium.webdriver.remote.webelement.WebElement (session=""d749db19752dcca87d2ee6d39cf4d29c"", element=""C627C01DAF50270CCA40E67E2ACDA851_element_40"")>"
16,"<selenium.webdriver.remote.webelement.WebElement (session=""d749db19752dcca87d2ee6d39cf4d29c"", element=""C627C01DAF50270CCA40E67E2ACDA851_element_41"")>"
17,"<selenium.webdriver.remote.webelement.WebElement (session=""d749db19752dcca87d2ee6d39cf4d29c"", element=""C627C01DAF50270CCA40E67E2ACDA851_element_42"")>"
18,"<selenium.webdriver.remote.webelement.WebElement (session=""d749db19752dcca87d2ee6d39cf4d29c"", element=""C627C01DAF50270CCA40E67E2ACDA851_element_43"")>"
19,"<selenium.webdriver.remote.webelement.WebElement (session=""d749db19752dcca87d2ee6d39cf4d29c"", element=""C627C01DAF50270CCA40E67E2ACDA851_element_44"")>"
